{
  "best_model": "RandomForest",
  "results": [
    {
      "model": "OLS",
      "r2": 0.00640815259487959,
      "mae": 0.06029944381461129,
      "mean_target": 0.9662901229573239,
      "std_target": 0.1617081355601113
    },
    {
      "model": "RandomForest",
      "r2": 0.008382312946261461,
      "mae": 0.0593728885291131,
      "mean_target": 0.9662901229573239,
      "std_target": 0.1617081355601113
    },
    {
      "model": "XGBoost",
      "r2": 0.005934930653932247,
      "mae": 0.059344246792202376,
      "mean_target": 0.9662901229573239,
      "std_target": 0.1617081355601113
    }
  ]
}