grouping,between_variance_share,n_groups
state,0.00332272977231183,57
region,0.0006133301084527414,5
naics_code,0.0029934169245840895,21
size_bucket,0.00033833081590633167,5
